{
    "w": 581,
    "id": 2127658,
    "v": 0,
    "ns": [
        "buildingpart"
    ],
    "lvl": [
        {
            "id": 2127656,
            "z": 0,
            "nm": "G"
        }
    ],
    "t": [
        -0.000005,
        0.0000081,
        0.0000106,
        0.0000038,
        -79.9983021,
        39.6237973
    ],
    "ar": 2.01,
    "l": "en",
    "ft": "map1",
    "h": 338,
    "nm": "Morgantown Mall"
}